Model,Accuracy,Precision,Recall,F1-Score,ROC-AUC
CNN,0.9976822044810714,0.9978499761108457,0.9978499761108457,0.9978499761108457,0.9996299850259044
BiLSTM,0.9974246716456349,0.9985639061752034,0.9966555183946488,0.9976087996174079,0.9996664526874632
LSTM+CNN Hybrid,0.9921452485191862,0.9877039489240955,0.9978499761108457,0.9927510398098633,0.9978808718607116
LSTM,0.9774658768993046,0.9773863365865271,0.9808886765408504,0.9791343746273995,0.9966185836267205
