Model,Train Acc,Test Acc,Precision,Recall,F1-Score,Overfit
Linear SVM,0.9996458809516144,0.9952356425444244,0.9947531600286191,0.9964166268514094,0.9955841985917174,0.44102384071900147
Decision Tree,0.9973280108167273,0.9947205768735514,0.9942761745766754,0.9959388437649307,0.9951068146556868,0.2607433943175863
Random Forest,0.9970060844091041,0.9940767447849601,0.9919201520912547,0.9971333014811276,0.9945198951632118,0.29293396241439895
Logistic Regression,0.9939477835366836,0.992531547772341,0.9916626965221534,0.9945054945054945,0.9930820610687023,0.14162357643425771
Naive Bayes,0.9535460193799697,0.9567344836466649,0.9596466093600764,0.9601051122790253,0.959875806066396,-0.3188464266695168
